16202000	flash	azra	branimir stulic
11669856	come out	johnny k	bobby pittman	james tatum
36628787	som de preto	various	amilcar rosa fiho
1364198	enveloop	dr dna	andreas kruger
2821634	the code	skitz	colin emmanuel	nick eziefula
3135105	microwave	misty's big adventure	grandmaster gareth
27709827	little red rooster	barron knights, the	duke d'mond	willie dixon
23385633	up on cripple creek	bob dylan	band, the	bob dylan	robbie robertson
14212770	dancin' man	ernie k-doe	deadric malone
24857423	tenderly	natalie cole	jack lawrence	walter gross
13182815	untitled	embryo	mal waldron	charlie mariano
34479637	i still love you	english evenings	graham lee	lee walsh
34661041	i walk the line	various	johnny cash
23076943	hellhound on my trail	big joe williams	big joe williams	traditional
34202388	a sad swell	vieo abiungo	william ryan fritch
7489931	open my eyes	hamiet bluiett	dd jackson	kahil el'zabar
36707049	ii scherzo (allegro molto)	emanuel feuermann	myra hess	gerald moore
13183531	tudo	lulu santos	lulu santos	nelson motta
24123570	metal guru	t rex	marc bolan
13258847	bist du am leben interessiert (radio edit)	xavier naidoo	tone	philippe van eecke	xavier naidoo
23423541	introduction	randy weston	randy weston	langston hughes
29079898	antje, mein blondes kind	gundi hein	hein timm
31959710	high tension	spk	graeme revell	sinan leong
15912870	implement medley: ko maui hou eu eu	various	traditional
11341437	futurology	learning music	john clement wood
9571781	the five pennies	danny kaye	louis armstrong
37742334	i'm a man	tc matic	arno	jean-marie aerts
22691852	benjamin	dennis babier	jaques ferchit	christian remy
21518422	out of my dreams	various	richard rodgers
33048076	kanon	christoph irniger trio	raffaele bossard	ziv ravitz
13848891	ako imam pravo	saban saulic	sasa milosevic mare
950480	air raid	mindlock	jan friedrich
36294306	through the collonades	entombed	nicke andersson
12224187	corpu et anima	cultus sanguine	seth
14694796	silver chains, bars of gold	greg panfile & talk and roll	greg panfile
31337148	stasis	solar bears	john kowalski	rian trench
43044879	banks of the old bandera	jerry jeff walker	rodney crowell
6459797	o tannenbaum	boney james	richard wagner
20118776	feel like makin' love	roberta flack	eugene mcdaniels
32173371	bonus track	madleen kane	michaele, lana & paul sebastian
26545750	spektakular	michael wendler	mic skowy
36510642	it could happen to you	miles davis quintet, the	jimmy van heusen and johnny burke
29077717	molina	creedence clearwater revival	john fogerty
13934081	billie jean	various	michael jackson
39455287	trouble in mind	bob sandy	rhythm rangers, the
32075907	super-adequate	david grubbs	andrea belfi	david grubbs	stefano pilia
28779843	akahousi rezo	slayers	osamu tezuka
44323793	pozalej ( pro jasny jeden svit )	waldemar matuska	lubomir panek singers	traditional
24993105	venezuela	ray charles	harry belafonte
34635468	diamonds aren't 4eva	big mike	s a s	steve stash
30973682	der zuckertutentraum	reinhard lakomy	monika ehrhardt
5373546	vancouver	jeff buckley	jeff buckley	michael tighe	mick grondahl
38501059	you're the boss	b b king	leiber & stoller
31327891	heart-shaped box	nirvana	kurt cobain
1744655	brain injected	sandy warez	sandy estievenart
40496238	angels of hell	apokalyptic raids	farscape
2471194	da frostvind blst	angantyr	ynleborgaz
1096025	untitled	non	boyd rice
21370578	55 evangelista: da berief herodes die weisen heimlich	johann sebastian bach	john eliot gardiner
36847074	when i first came to this land	various	oscar brand
25530192	lady jane	rolling stones, the	jagger-richards
8045255	one step	seelenluft	beat soler
29283175	boze nasz	various	traditional
19963602	love club	strobe talbot	benb gallaher	mick hobbs
36774446	live circus	tom waits	kathleen brennan	tom waits
39288960	eternally	sarah vaughan	charlie chaplin	geoffrey parsons
24429831	intermezzo (andante sostenuto)	ralph vaughan williams	andre previn	london symphony orchestra, the
17738893	poet and peasant	nicolai malko	philharmonia orchestra	franz von suppe
16103968	pain in my heart	rolling stones, the	otis redding	phil walden
27205571	living in america	various	charlie midnight	dan hartman
6273861	you are / just like me	mixtapes & cellmates	mixtapes & cellmates	robert svensson
3302466	tidewater	great western squares, the	gary fitzpatrick	stanley erraught
26722740	l o v e	ji mob	jerome dru
12648963	gonna get along without you now (radio mix)	viola wills	milton kellum
32003081	storm in my soul	gallagher & lyle	benny gallagher	graham lyle
42569543	morning music (instrumental)	saint tropez	beverly bremers	jacqueline english
12374587	you to me are everything	various	ken gold	michael denne
34503100	hot rods to heaven	various	kurt bloch
8849268	a yuh waist & shape	fragga ranks	fragga ranks	philip fatis burrell	sly dunbar
25527006	i'm the greatest	ringo starr	john lennon
287157	native bullet (original)	seb fontaine	soulsavers, the
14907926	i see you [theme form avatar] (cosmic gate club mix)	james horner	cosmic gate	james horner
28254065	spring	antonio vivaldi	itzhak perlman	london philharmonic orchestra, the
27644341	ini rini 100 %	various	ninoslav ademovic
16057316	la canzone del lago	la compagnia dell'anello	junio guariento	la compagnia dell'anello	stefania paterno'
29726788	special one	ultra vivid scene	kurt ralske
23696	sinedaddy	colongib	christopher graves
31409564	off the hook	rolling stones, the	jagger-richards
25606337	enter the ninja (dj fishsticks remix)	arcade fire	die antwoord	i blame coco
14850203	include me in your life	diana ross	marvin gaye
1660011	holding on to nothing (alex gold radio edit)	agnelli & nelson	aureas	agnelli & nelson
41357163	paklydo ramune	nerija	mikas vaitkevicius
4977161	the promised land	shanti	shanti matkin
16867505	nancy and the girdle boy	k c accidental	charles spearin	kevin drew
21930101	motor bike song	singing postman, the	allan smethurst
22813124	fieldworker	crosby & nash	graham nash
21707824	die grille und die ameise	jean de la fontaine	joachim thurm
14737825	we've only just begun	ramsey lewis	paul williams	roger nichols
17113247	scherzo, 2/4	johann sebastian bach	james weaver
35813311	in money we trust (extended version)	og ron c	bro wood
24334413	bonfire	memoryhouse	denise nouvion	evan abeele
13595257	she summons demons	lost idol	james dean
25888231	listen special	various	jay-cee	paul ibiza
35155007	kivi itkee vihreaa	viikate	kaarle viikate
35989624	cur blesse - torture	petula clark	georges aber	john d loudermilk
962992	desire	klinik	marc verhaeghen
17398999	nice fucking life	okotta	visions of war
8836747	come on baby (bk remix)	bk	robert burns	razor babes
8045805	spark	various	blake baxter	kevin saunderson
4829987	disco future (remix)	fresh color	gutze gautschi	humphrey robertson
26818937	jij bracht de zon	nicole josy	leo rozenstraten	roland thyssen
24315469	city jungle (dub)	galago	micha erszkowski
387705	giv me luv (deep dish 11th hour remix)	alcatraz	jean-phillippe aviance	victor imbres
34884953	jack bastards	blake jammer	loy klang
17588646	jardin	gordon mumma	daan vandewalle
27593432	chile	sands family, the	tom sands
6496194	man is just a man	garnett silk	garnett smith
22027365	only when you leave	spandau ballet	gary kemp
26856006	snakepit	gallon drunk	gallon drunk	james johnston	mike delanian
2803242	it's ok, it's all right (premier club remix)	def dames dope	dj bobo	netzwerk
24996695	silence, and the firmament withdrew	dark tranquillity	martin henriksson	niklas sundin
3887674	don't let it get you down	michael jackson	jackson 5, the
41723391	departure	moody blues, the	graeme edge
659250	disappear	l'ombre	stephen sawyer
23802004	my father was a teacher	megabyte	amanda mega	billy byte
13729940	zyje spokojnie	dezinte	capish
39421691	main title	james horner	london symphony orchestra, the
35674031	celtic melody	luca proietti	valeria nicoletta	stefano torossi
35684061	my friend ringo	young fresh fellows	scott mccaughey	charlie chesterman
7285001	toxic	chapin sisters, the	cathy dennis
37556720	the heart of rock & roll	huey lewis & the news	huey lewis	johnny colla
34584159	pennyroyal tea (instrumental)	nirvana	kurt cobain
30364686	a banat a toronynak	exotic	tabar zoltan
28591469	you must have been a beautiful baby	dave clark five, the	harry warren	johnny mercer
20765924	golden plans	zamali	julie e gordon
13493344	way down belleville	olympic gramofon	julien lourau
5097308	like you (native's dub lin remix remix)	various	ashley casselle	james christopher
11644483	tom drunk	burro banton	future troubles
18151197	duktus	nils frahm	anne muller
4980376	long time gone (palm skin productions mix)	galliano	david crosby
819116	the fourth rebirth (part 1)	jones & stephenson	axel stephenson	franky jones
29274385	war	various	bill conti	vince dicola
39695687	5-5	sense	adam raisbeck
13451409	the spirit is willing	hands of doctor teleny, the	howard blaikley
38357479	she's a stranger to me now	mama's pride	pat liston
35498850	learn to be still	eagles	don henley	stan lynch
42234941	now we may begin	letta mbulu	joe sample
1958058	christian d'or	adam and the ants	adam ant
37045296	vivace	antonin dvorak	rudolf firkusny
20281544	mbarly warly	saraba	abdul corr
25413	chingar	big bossa, the	simon ashton	nicholas ashton
13823691	four minutes before the treatment	masami ueda	saori maeda
14730715	not my only friend	teardrop explodes, the	david balfe	julian cope
40582762	go where you wanna go	mamas & the papas, the	john phillips
2705186	oh lord	various	lee perry
6350799	the pensive ocean	criminal asylum	angelo bergamini	criminal asylum
22902177	5 fuge und drei altmodische tanze (walzer, polka, galopp)	benjamin britten	paul hindemith	mitglieder des wiener oktetts
7093523	des pas sur la neige	claude debussy	guiomar novaes
43445980	symphony no 1 in d major	jonathan sternberg	wiener symphoniker
3342010	let her go	strawberry switchblade	jill bryson	rose mcdowall
18740547	listek	hana a petr ulrychovi	javory	petr ulrych
15319122	certo	anna rusticano	piero salis	riccardo lamonarca
23104787	corachree	norman kennedy	traditional
24365391	flying home	jo jo gunne	jay ferguson
44736179	liebe & hass	blumentopf	blumentopf	ill will
9399807	le plat pays	wende snijders	jacques brel
12005041	terminator	dj clock	dj cndo	mphoza
15499266	da' ya' think i'm sexy	disco connection	carmine appice	rod stewart
716785	the magician (pecky dub mix)	secession	peter thomson
3764443	awake	jim morrison	doors, the
12809122	not alone (jorg schmid remix)	gianluca motta	molly bancroft
34880643	zurka za dvoje	grupa rebus	mr rebus
26666475	the pledge (intro)	tech n9ne	aaron d yates
3205117	bis semina dies hora dea membra corpora	abruptum	it	all	it
40747476	strike up the band	red norvo sextet	red norvo trio, the
522868	here is the thing	second thought	ross baker
26658566	love & money (dub)	love and money	james grant
26730643	charmante fille	iris bulbulian	ara bartevian
39337566	dime	cake	john mccrea
3325243	shout it up (base)	real-1-session	carlos gimeno	gustavo ibanez
16618205	terra d'oc	oc	christian sales
44036786	over you	gary puckett & the union gap	jerry fuller
29800139	untitled	jeff shaara	paul michael
18943625	spinning wheel	various	david clayton-thomas
11968587	enclave	vic godard	subway sect	vic godard
38915853	soul glove	elton john	elton john & bernie taupin
12550904	let's get started (vocal/rap version)	thumbs & the hoestiles	frank cornelius
42045877	christmas countdown	frank kelly	traditional
25416870	it's too late	roy orbison	chuck willis
34224183	unanswered prayers	garth brooks	garth brooks	larry bastian	pat alger
22159673	in my mind	adriano filippucci	virustage
42765029	i got rhythm	django reinhardt	quintette du hot club de france
34843829	there is nothin' like a dame	rodgers & hammerstein	richard rodgers	rodgers & hammerstein	joshua logan
16656165	overture- pig's lament	goodies, the	bill oddie
15595877	o'leary remembered	bulldog breed	intimidation one
1426036	static anger	justice	dios	garong
10359804	fake	alexander o'neal	alexander o'neal	jellybean johnson	jimmy jam & terry lewis
37661615	georgian rhumba	tommy reilly	pluche	ivor slaney
24403593	pure energy (tekkno trip)	various	michael baur
43108427	the song is you	chet baker	jerome kern
36384734	el raton	marc throw	tino ecra
40031420	in the garden	elvis presley	c austin miles
1640181	sinewave	dillinja	clarky
27652606	j gespog t	boris d hegenbart	19 artists
16385257	teach me tonight	judi sheppard missett	gene depaul	sammy cahn
4383068	chorale	nostalgia 77 octet, the	jonny spall
27491574	the inner light	beatles, the	george harrison
39943212	5 menuet	werner haas	maurice ravel
19980534	there she goes again	quireboys, the	guy bailey	jonathan gray
13744849	another man done gone	various	sonny boy williamson
148552	standing (club version)	silvio ecomo	r brunings
17389253	blue yodel #6	wanda jackson	jimmie rodgers
35935585	untitled	edzard huneke	miryam specht	edzard huneke
38832587	symphony no 1 in c minor, op 68 (concluded)	johannes brahms	istvan kertesz	wiener philharmoniker
22293825	garden of peace	jasmon	daniel voss	roland voss
11181737	art bitch	various	adriano cintra	lovefoxxx
10459125	bad as they come (remix)	3582	j rawls	jon marshall
6380999	with every heartbeat (hugg and pepp remix)	robyn	kleerup	kleerup	robyn
13002597	odal	elite	chris rudi lind	elite	per frank valla
29353296	forbidden fruit / part i	graham bond with magick	diane stewart	graham bond
13485728	now	sneaky feelings	david pine
43512087	lost highway	osborne brothers, the	red allen
2358694	incoming (alex calver remix)	chris impact	sam townend
3734060	have a party	ex-3	david amo	julio navas
24976839	falling like rain	matt skiba and the sekrets	matt skiba
10023352	the next message (kenny dope mix)	mocambo	mighty mo and the winchester seven
40996840	boll wevil	alexis korner's breakdown group	cyril davies
14128656	cholly (funk gettin' ready to roll)	parliament	funkadelic
3758218	burn it blue	various	elliot goldenthal
35992018	let's go	cars, the	ric ocasek
19151316	mad world (full length version)	blank & jones	various	roland orzabal
1167084	emerge 2003	fischerspooner	warren fischer
5905621	yom pom pom ( mix)	klez-x, the	dj bre-ad
15881010	straight to hell	clash, the	clash, the	joe strummer	mick jones
33854102	see emily play	arcanes, the	syd barrett
522239	slide	dj zky	daniel paul
8482107	...1	hitoshi matsumoto	mitsuyoshi takasu
6184120	la-la-legioen lied 2004 (radio version)	blisz	melchior rietveldt
35670123	take that look off your face	andrew lloyd webber	andrew lloyd webber	don black
15448763	horizon	let's active	angie carlson	mitch easter
22024376	if it's not love	johnny osbourne & the sensations	boris gardiner & the love people
29116382	rainbow man	pogues, the	shane macgowan	terry woods
28985787	nobody's car	jethro tull	ian anderson
17043586	moving up (mollono bass remix)	carsten rausch	ferdinand laurin
45098298	upenya	usurp synapse	index for potential suicide
4587459	superstar	george baker selection	hans bouwens
8700482	fool of the year	tavares	keni st lewis	butch tavares
31900596	(i can't get no) satisfaction	cat power	jagger-richards
2555971	fashion victims	dj greg notill	mattias mavrovic
27065851	sakura	various	taylan
35006675	sewerage song	allen cullen	roderick horn
13129130	heroine	dogs d'amour, the	tyla
21711204	hana	metazoo	lasik
6916936	i see it in us	various	h2o	max capshaw
21690563	the aesthetic of shame	kafka	defdump
16478039	got to get you into my life	various	lennon-mccartney
11793226	pick up the pieces (extended version)	cindy valentine	cindy valentine	tony green
8556480	el amor	azucar moreno	estefano	kike santander
21106139	so strong (david c remix)	jason herd	katherine ellis	andy hickey	jason herd	katherine ellis
31864342	get up and dance	jack wilson	deman rockers	mikey murka
25003283	how do you like music	silly walks discotheque	junior blender
17505771	get out of my life, women	wilmer & the dukes	allen toussaint
15834545	mon pere (fur meinen vater)	mireille mathieu	christian bruhn	georg buschor
38374264	you're the one that i want	devils, the	john farrar
13083337	bioluminescent	neto	sijay james
21750838	evocacao a jacob	toquinho	avena de castro
28943927	flossin'	gucci mane	future
41596453	deux pieces pour piano a 4 mains op 7	louis durey	francoise petit
29261947	iii rondeau: allegretto grazioso	wolfgang amadeus mozart	daniel barenboim
5864708	top secret	apophallation	james kiwi
34136753	sacrae cantiones: no 28, o sacrum convivium	noel akchote	carlo gesualdo
40269064	wish i was	stairwell sisters, the	sue sandlin
3445048	give me the night	david ian	dj phats
37097424	ton simple: ar ganetenn	sonerien du	jean-pierre le cam	yann goas
24241824	climax denial	nervous corps	crown of bone
31436364	lass mich nie einsam sein	frankie franken	heinz gietz	joachim relin
30013572	journey	bering strait	jack lever
6832795	so traum ich	selig	christian neander	selig
41097869	you just like me 'cos i'm good in bed	skyhooks	greg macainsh
2542177	this will be a night to remember (original tom moulton 12 mix)	various	ron baker	ron tyson
6674971	a bad case of melancholy	spent poets, the	adam gates
30408893	the world today	canned heat	john lee hooker
30494258	cover your eyes	fenrik lane	eirik grnner	fenrik lane
17884358	1st path	assif tsahar	new york underground orchestra, the
17128191	ragnaroek 2014	rossomahaar	lazar
39564906	manon	jane birkin	serge gainsbourg
20004853	3 allegro ma non tanto	johann sebastian bach	leonhardt-consort	gustav leonhardt
31466014	baby blues	love unlimited orchestra	barry white	tony sepe
44026478	lohengrin : love duet	tiana lemnitz	michael raucheisen	franz volker
5506501	c'mon and swim	ray columbus & the invaders	sylvester stewart	thomas coman
19801331	send in the clowns	marti caine	ronnie hazlehurst and his orchestra
26154012	a jo oreg gepem	100 folk celsius	orban jozsef
7997426	peche a la mouche	django reinhardt	django reinhardt	django reinhardt	stephane grappelli
16890905	scherzo: vivace	ludwig van beethoven	emerson string quartet
30137913	upside down (album version)	denki groove	takkyu ishino
45255460	love beyond measure	michael e parks	david culross
8778365	not cool	db's, the	peter holsapple
8647648	saturday afternoon	smersh	john carpenter	smersh
28765200	theme & variations #2	bill holman	dempsey wright
7477862	it's my thang (bass extended)	mc luscious	jamie robinson	willie andrews
7297869	dream of dreams	joe sample	joe sample	will jennings
9919427	fred kruger	top one	maciej jamroz
42842739	abend am see	orig steiner quintett aus oberkrain	joze smid
12210267	hungarian march - from the damnation of faust	carl maria von weber	hector berlioz
34263423	crimson elixir	lubos fiser	zdenek liska
32010787	deux femmes en or	robert charlebois	mouffe	robert charlebois
12265198	sugar	lee wiley	lennie tristano
36995915	scared of lonely	beyonce	rodney darkchild jerkins*	beyonce knowles, crystal johnson, lashawn daniels, rico love, rodney jerkins, solange knowles
2908680	no time	monkees, the	hank cicalo
23572146	negative creep	nirvana	kurt cobain	nirvana
21047854	you made your bed so hard	various	geater davis
40597012	for you only	alison moyet	alison moyet	lamont dozier	steve jolley & tony swain
11001312	careless soul	daniel johnston	daniel johnston	j h stanley
4634457	snake traveller	interlope	christophe borca	gregor heuze
4118454	break the rule	fatale	eskil ivor	fatale
31747492	oh, look at me now	george shearing	hank jones
529109	i didn't know i loved you (till i saw you rock & roll) (instrumental)	planet patrol	gary glitter	mike leander
41406105	quin mal hi ha?	nuria feliu	apelles mestres
5526256	das pesthaus / miasma epilog	belphegor	helmuth	helmuth	sigurd	sigurd
513189	can you dig it (da original mix)	various	mark the 909 king
7776966	miracle cure (radient radio remix)	blank & jones	andy kaufhold	blank & jones
42485811	anaj pacha	grupo aymara	traditional
3720256	lokutu's welcome	frantic noise	matias benamo
2639039	young at heart	various	robert hodgens	siobhan fahey
640829	salva mea (radio edit)	faithless	maxi jazz	rollo & sister bliss
19074346	worldwide reunion	urban cookie collective	rohan heath
16772047	dearly beloved	jack montgomery	don mancha	marvin jones
39277408	abashiri bangaichi	jojo hiroshige	tamio shiraishi
44040907	burnin'	calvin harris	rehab
17232391	push the limits (album version)	enigma	jens gad	michael cretu
9051490	dreaming my dreams	cranberries, the	dolores o'riordan
1357195	ovulation	lunar module	torsten geis	torsten ohrnberger
8183339	reach (alcatraz lil' mo' got gangbanged mix)	lil mo' yin yang	erick morillo	louie vega
27144254	porque heriste mi corazon (since you broke my heart)	los gatos salvajes	don everly
465894	no exit	midi miliz	arne schaffhausen	wayan raabe
449885	xtrosy (club mix)	mental & dangerous	michael king
5059193	embers of spectral flame	umbra	nathan wheeler
14598605	po folks	faron young	bill anderson
22261358	a whiter shade of pale	bill black's combo	gary brooker	keith reid
9405874	zoom	commodores	lionel richie	ronald lapread
30873312	scoala gazda din patut	nicolae sabau	alina-te dor alina
2825406	limbo (latin mix)	bryan ferry	bryan ferry	patrick leonard
8428091	panic room	sofaboy	dave blakemore
34968175	improvisation de joseph coppey	joseph coppey	dominique joubert
242595	choice (original version) (crucifix vocal us hardcore punk)	orbital	p&p hartnoll
19102307	hotrods to hell	jeff dahl	spiders from uranus	jeff dahl
20206197	getting out of town	jimmy page	sonny boy williamson	brian auger
5666876	my hero	foo fighters	dave grohl	foo fighters
4326851	eyes	donna summer	donna summer	michael omartian
1818245	i want 'u (radio version)	teaz ii pleaz	arturo hernandez	vic-ten
15657189	no bold villain	timber timbre	taylor kirk
9175613	the little boy in a castle	style council, the	mick talbot	paul weller
2667897	out of town lover	ready for the world	gordon strozier	melvin riley
41872212	is you is, or is you ain't my baby	june christy	louis jordan	william austin
11030218	things wearing thin	happy hate me nots	paul berwick
36485710	theme from the way we were	various	marvin hamlisch
623617	elevation	windy & carl	carl hultgren	windy weber
28860854	mindsweeper	amygdala	andreas christensen
13206300	parrty	j b 's, the	fred wesley	james brown
16945300	in the grip of ble!	punishment	permanent death
17275873	stena smrti	balaclava	old testament, the
20193455	dandelion seeds	july	chris jackson	tom newman
16372654	groundhog day (rusko remix)	claude vonstroke	christian martin
32040084	no dj like chuck	chuck chillout	kool chip
27533511	presto	franz schubert	verdi quartett
39858587	half closed	daniel avery	ghost culture
4824543	want ya!	darin	darin	george samuelson	tomas granlind
28154865	i don't mind if you forget me	morrissey	stephen street
24987897	darling you're wonderful	marvin gaye	clarence paul	dave hamilton
12860614	run home girl	sad cafe	ian wilson	paul young
23406031	stand	jackson 5, the	sylvester stewart
8240977	where did our love go	supremes, the	holland-dozier-holland
32173619	crystylys iii	binmatu	jonas gruska
55884	danse (instrumental)	diesel	diesel	kaidi tatham
20117345	i allegro	simon wynberg	john anderson
12707162	ruke pruzam, zovem tebe	gordana adamov lana	ansambl branimira okica	jasmina jovanovic
10074479	private number	various	booker t jones	william bell
6141383	time beyond time	ayreon	arjen anthony lucassen
18945376	heart attack	aorta	jim donlinger	jim nyeholt
39324887	damn man	hermitude	angus stuart	luke dubber
27671382	life of my own (live in belgium)	next step up	cro-mags
3115740	new world in the morning	candido	roger whittaker
32304411	deserto	various	joshua jensen	robert allen
21519386	i may never pass this way again	rev james cleveland	hulah gene	carolyne gene
13025065	available (album version)	flo rida	akon
34119054	resurrection	steppenwolf	john kay
37996982	prochazka staletimi (a stroll through the centuries)	karel velebny	shq
8146859	necemo ii	vlada divljan	sran gojkovic	dusan kojic
10773088	rush (spiritual guidance mix)	depeche mode	martin l gore
16312495	walk away	gus and his freaky friends	john erik skahjem	trond gusland	trond gusland
91590	ccs pressure	twerk	shawn hatfield	twerk
24633499	i'll walk beside you	cliff adams singers, the	alan murray	edward lockton
1596390	night stalker	vanishing heat	brood	kain	brood
11371663	hi steppin' (radio edit)	jam crew	cuba rock
21473951	up syndrome	endwarfment	cease and desist
40277895	tell me with your blue eyes	ted maxim and his orchestra	clark van ness	dick sanford
9624940	idaho	sonny stitt	jesse stone
34364075	pano de fundo	o terco	cezar de merces	sergio magrao
16150860	1 andante tranquillo	bela bartok	fritz reiner	chicago symphony orchestra, the
7398003	first sound mix	various	traditional
7961596	all of my life	diana ross	michael randall
10281983	geschmackssache	die alster-detektive	dirk wilhelm
36448208	zombie	jezozwierz	soulpete	dj ace
25153137	long time dying	jackson heights	john mcburnie	lee jackson
44930519	when you touch me	skyy	solomon roberts jr
30361483	how will i laugh tomorrow (video edit)	suicidal tendencies	mike clark	mike muir
30988532	adagio cantabile allegro vivace	ludwig van beethoven	pierre fournier	artur schnabel
26743244	mujer de mi alma	conjunto casino	marcelino guerra
40313189	crockett's theme	spheric sounds, the	jan hammer
14334113	renegade	keyz	dj clue	jay-z
35885001	digital world	trans-x	pascal languirand	steve wyatt
1918853	ocean of love 2000 (y o m c remix)	alex g & fame	daniel strauss
15431783	amore amore	roland kaiser	joachim heider	norbert hammerschmidt
2709	relief	a reminiscent drive	jay alanski
6156368	let's get hurt	teengenerate	fink
21718635	comme j'ai toujours envie d'aimer	franck pourcel et son grand orchestre	marc hamilton
17186343	allegro non troppo	johannes brahms	mstislav rostropovich	rudolf serkin
30385823	do!	andlee	jason philips
14815413	i spy	parris mitchell strings, the	earle hagen
35575248	you shouldn't be sad	kinks, the	ray davies
9058012	happenstance	giant sand	howe gelb
42640894	backfired (frankie feliciano edit)	masters at work	india	india	louie vega
37187826	tempt me on the line	e-rotic	dj bobo
32582414	steppin' on the roaches	clark terry	george robert	clark terry
22394974	something's gotta give	frank sinatra	johnny mercer
11450034	irish reels - medley no 2	dan carroll	mario perry
6019828	candi bar	candido	al cohn	joe puma
42032112	save the children	marvin gaye	al cleveland	marvin gaye	renaldo benson
27114621	my-my kind of a girl	ramones	joey ramone
12246173	it's indian tobacco my friend	cornershop	tjinder singh
25451556	forget domani	connie francis	norman newell	riz ortolani
25454435	money talks (long version)	kinks, the	ray davies
9490123	bin waitin	slackers, the	david hillyard	victor ruggiero
32104078	accoustics and lsd part 2	lady cumdumpster	dental work
8883107	i loves you porgy	nina simone	dubose heyward	george & ira gershwin
18480226	two handed	manchurian candidates	hawg jaw
16069642	what u smokin on?	dj spinn	dj rashad
4110986	dangling conversation	joan baez	paul simon
9500148	ich leb' fur dich (director's cut)	sabrina setlur	moses pelham
34131012	true love	enabler	jeff lohrber
13618791	symphony no 3 liturgical	arthur honegger	czech philharmonic orchestra, the	serge baudo
38075994	i don't know how to love him	jackie trent	tony hatch
20728574	i saw her standing there	beatles, the	lennon-mccartney
38487240	truca-me la man - joc	rosina de peira e martina	jacmelina
18337369	blues stay away from me	gery scott	gustav brom orchestra
12304147	hitsingle	die orsons	beatemup
19991275	hands off my flip-flops	analena	sensual love
22255643	the pilot	tyde, the	darren rademaker
3584828	domestic violence	rza	bobby digital
19767141	humpty dumpty	bottin	tinpong
33206056	chipping away the diamonds	various	keith suchland	susan suchland
5776969	the koran, the ghan and a yarn	david bridie	david bridie	john phillips	phil kakulas
13428304	fly on the windscreen (extended)	depeche mode	martin l gore
20297220	nelson mandela (franksen & tom wax remix)	sonic vs taste t	heiko wuscher	wolfgang wahl
10631931	women and drinkin'	persuasions, the	david dashev	jerry lawson
36794020	maldito corazon	papo valle	alfredo gil	chucho navarro
12427711	lose control	stripes, the	rainer kitzmann
33648846	got to get you into my life	beatles, the	george harrison	lennon-mccartney
11792208	this is boston, not l a	various	cliff hanger
5202944	fantastic voyage	david bowie	bing crosby	brian eno	david bowie
1359373	xyster	platidudinarian doctors, the	frederico santini	paul goossens
40655363	ex fan des sixties	jane birkin	serge gainsbourg
22278411	'deed i do	billie holiday	fred rose	walter hirsch
19344818	()	rudyard kipling	
1458023	feelin' so good (bad boy remix)	jennifer lopez	big punisher	fat joe
29169382	heinous worship	barbarous	zerzyan loathe
25650964	the story of willow (part 1)	james horner	london symphony orchestra, the
649245	beats	mateo & matos	eddie matos	john mateo
27407970	we're waiting	boz scaggs	boz scaggs	michael omartian
44339579	walking the boogie	roosevelt sykes	armand jump jackson	joe liggins	roosevelt sykes
36631186	und dann verkleideten wir uns	timo parvela	ralf kiwit	rudi mika
44791300	mighty quinn	saragossa band	bob dylan
41262092	love the world away	various	bob morrison	johnny wilson
20029600	tirolerland	die buckeburger jager	wilfried majowski	groer soldatenchor der bundeswehr
6277022	london by night (an introduction)	organic anagram	miguel meruje
8825768	bender	giant sand	howe gelb
44707814	darn that dream	western illinois university jazz studio orchestra	dale hopper
39317513	ei pisaraakaan liikaa	lasse heimonen	lauri heimonen
19427423	after supper	count basie orchestra	neal hefti
16753325	when you're mine	heats, the	steve pearson
19797068	maluj zase obrazky	various	pavel zak
34235018	hey, leroy, your mama's callin' you	jimmy castor	jimmy castor	john pruitt
17626985	crazy on the weekend	sunhouse	gavin clark
24535706	demon girl	frank black	black francis
26282527	perico	redbone	lolly vegas
20498164	blood on ice	bathory	quorthon
12556055	apollo road (boreal network remix)	88 marquis	peter de sanctis
667946	trancelestial psychobabas	various	kristian thinning
14008746	song of madness	placid k	giorgio campailla
12192943	prince	versailles	hizaki	kamijo
40356188	jesu geburt - die weihnachtsgeschichte	various	traditional
21345500	fillius	various	willi ganster
37237984	cabin on the hill	lester flatt	flatt & scruggs
36878131	side 4	georges bizet	
17330966	niet alles tegelijk	fratsen	andre manuel	fratsen
17321187	we go easy	surplus people	sork
40979961	tu voz	celia cruz	la sonora matancera
18965771	finale: allegro	anton reicha	michael thompson wind quintet
38292758	excuse me, but i want to explode	si rak-sa	brtlmj mchl grck
37229833	zemunke	duge noci	misa tanaskovic
39303057	burning bush	hanzel und gretyl	vas kallas	loopy	hanzel und gretyl
16519304	here and now	various	art amandi	todd leroy
12273978	never let me down again (split mix)	depeche mode	martin l gore
6712132	lonely (original mix)	jaymz nylon	kyla sexton	jaymz nylon	kyla sexton
39957698	the storm - allegro	otto klemperer	ludwig van beethoven	philharmonia orchestra
15002204	a thought	stan kenton	bob graettinger
13628696	bambakola	djumbo	yves laujin
7811139	calling chicago (john made remix)	soul migrantz	martin corlazzoli	raffaele brescia
2291744	midsummer nights dreamin'	travis	francis healy
10107081	working for mca	hellacopters, the	lynyrd skynyrd
41949950	see you later alligator (live)	various	robert guidry
14454840	sax sound (deep mix)	club underground	abel perez garcia	jose garcia
33114057	honestly i do	johnny burnette	johnny mann singers, the	dorsey burnette
19208908	lilypad (max tundra remix)	ruby	lesley rankine	mark walk
56730	disinformation design	continuous mode	andy mellwig
35477913	sombras	o paradis	demian
29955170	alexandder-marsch	stabsmusikkorps der bundeswehr	heeresmusikkorps der 1 gebirgsdivision
11421464	dear mister fantasy	madrigal	jean-noel nomico
43535728	calling occupants of interplanertary craft (the recognised anthem of world contact day)	carpenters	klaatoons
13900158	overture	yehudi menuhin	johann sebastian bach	bath festival chamber orchestra
45023665	cantabile	wilhelm friedemann bach	freiburger barockorchester
22327299	off side	various	dan tyler	raj gupta
44348950	dirty shoes	west, bruce & laing	pete brown	west, bruce & laing
9947175	falling over the moon	starstruck	influx	zuraya hamilton
18396986	lonely in a crowd	superlatives, the	frank f robinson
705922	chant no 1 (i don't need this pressure on) (12 version)	various	gary kemp
31377722	straussberg	various	hasan nasser	sultan nasser
25794885	madison blues	paul lamb	king snakes, the	elmore james
22919628	colore di pioggia	severino gazzelloni	unione musicisti di roma
25929275	you can't beat it	troggs, the	reg presley
4839222	les demoiselles de rochefort	various	michel legrand
15518618	beviltis (egzistavimas) - remix	invazija	eko tox
31163628	schnuffel und schnurrlinchen singen (slow-shake)	schnuffel & schnurrlinchen s	heribert thusek	horst ackermann
34815549	untitled	cedric's lettuce	cum shovel	anal death fetus
14639278	,	various	
25699556	dear love	unholy grave	mind of asian
6908220	by any demand	various	sander ketelaars
43076550	peace a beginning	king crimson	peter sinfield	robert fripp
38232708	on the other side of the tracks	marilyn burroughs	carolyn leigh	cy coleman
40820229	when will the day come	rudi stuart	rasa
8451759	pulp culture	thomas dolby	dan hicks	jo kerr	thomas dolby
44908262	i could write a book	miles davis	rodgers & hart
37310385	girl of my dreams (rendered as boy of my dreams)	etta james	sunny clapp
15957038	ein schoner tag mit einem jungen mann	daffi cramer	claus dittmar	fritz muschler
36231927	shooting star	boxer	mike patto	ollie halsall
21554815	spanish harlem	willy deville	seth farber	david keyes
27174179	cez korensko sedlo (polka)	ansambel bratov avsenik	v s avsenik
32321641	weine nicht, kleine eva	die flippers	bernd hengst	franz halmich
910308	wrong turn (alpha mix)	various	frank d noise
3219055	butter wouldn't melt (live at the ica)	embrace	danny mcnamara	richard mcnamara
5592099	die wurde des schweins ist unantastbar	sergej s prokofiew	reinhard mey	reinhard mey
4129180	without a song	george benson	count basie orchestra
25906662	no new games	wigwam	jim pembroke
35442442	der champion von obergiesing	spider murphy gang	gunther sigl
11772545	i can't give you anything but love	ove linds sextett	bengt hallberg	staffan broms
4156093	country comfort	rod stewart	bernie taupin	elton john
41450073	that same thing	george thorogood & the destroyers	willie dixon
24794029	margarita	paul williams	paul williams	tom jans
7664131	crazy rhythms	feelies, the	bill million	glenn mercer
30828518	3 poco allegretto	johannes brahms	berliner philharmoniker	herbert von karajan
32657641	the last ninja	no artist	rob hubbard
32727389	der fleissige mann	radio kruger	michael brenker	olav kruger
27043324	womb full of scabs	diftery	disgorge
4866696	holographic matrix	wintermute	jan kiefer
19381206	leave my kitten alone	ray charles	solomon burke
37143298	yis kou ghimetn	nina stern	sayat nova
43083913	calling all nations	inxs	andrew farriss	michael hutchence
8909642	mars, the bringer of war / mars, der kriegsbringer	gustav holst	los angeles philharmonic orchestra	zubin mehta
36803572	the heart of the ocean (iceberg mix)	mythos 'n dj cosmo	james horner
26381358	somba music	bariba	somba
17165692	claim ur prize	digital boy	kirill rybakov
26537601	jovino kolo	duet ivkovic - ivanovic	jovan radosavljevic
22981635	andante cantabile fur violoncello und streichorchester op posth	pyotr ilyich tchaikovsky	berliner philharmoniker	mstislav rostropovich
26481798	the only living boy in new york	simon & garfunkel	paul simon
3129383	lord knows	2pac	tupac shakur
19509439	seascape	queen's hall light orchestra, the	anthony lowry
22438329	viljasangen	zarah leander	franz lehar	karl gerhard
13327838	where the rivers end	jacobites, the	nikki sudden
16083906	have a little talk with myself	sammy davis jr	count basie orchestra
9481990	battery check	millencolin	mathias farm	mathias farm	nikola sarcevic
15656436	lubbock, 1980	900x	james mcalister
21992934	zindagi pyar hai	various	bappi lahiri
15053506	make it mine (us dub mix)	shamen, the	colin angus	richard west	shamen, the
37586287	many moons ago	various	mary rodgers
30737174	kiss kiss kiss	john lennon & yoko ono	yoko ono
11259637	love is the answer	caledonia	tom brown
7349035	lost in action	wise men, the	joe barry	wise men, the
42625326	you'll never be alone	brdr olsen	jrgen olsen
1234917	do the do (dub the do)	marshall jefferson	dancing flutes	marshall jefferson
28810787	intro	hiroshima nightmare	azid
6306432	moderne musik	hermann's orgie	clement hulse
21289984	undercover lovers	bhb beverly's hillbilly band	paul hotchkiss
26795132	july you're a woman	pat boone	john stewart
19060361	come down in time	elton john	bernie taupin	elton john
27810252	deccaphonie	django reinhardt	quintette du hot club de france
30567045	all in twilight - iii [ ]	franz halasz	toru takemitsu
27812997	ce mossieu qui parle	sidney bechet	claude luter	sidney bechet
40064788	playmate	nino nardini	alan moorhouse	roger roger
37824118	adagio fur violine e-dur kv 261	wolfgang amadeus mozart	wolfgang schneiderhan	berliner philharmoniker
18868280	jam tonight	freddie jackson	freddie jackson	paul laurence
39336610	saturne	various	georges brassens
23101929	i'll just die	wim t schippers	jacques plafond and his plafonnieres	jacques plafond
9447355	let them talk	roberta flack	sonny thompson
33403724	la calahorra	inti illimani	john williams	paco pena	paco pena
2642165	1000 more fools	bad religion	brett gurewitz	greg graffin
14926458	tone bar	phedre	shaun mcgough
32330509	cat ma vei iubi	georgeta cernat	mihai elekes
11968935	i let a song out of my heart	rex stewart	peanuts hucko
31179109	mackie mackie	untouchables	lynn taitt & the jets
12345397	jeunes femmes et vieux messieurs	michele arnaud	serge gainsbourg
22397394	in a shanty in old shanty town	dino verde	jimmy silver
41888906	i'll be yours (my love)	dave clark five, the	dave clark	mike smith
196464	love doesn't last	liz torres	jessie jones	liz torres
32579196	no place to go	howlin' wolf	chester burnett
19248030	casanova	luv'	janschen en janschens	janschen en janschens
12038039	tomorrow will be better	mikey dread	beverly sterrett	michael campbell
6520820	let the music play	giorgio moroder	giorgio moroder	pete bellotte
11145350	tarantula	passport	klaus doldinger
603177	adios ayer (farfa's barcelona remix)	francesco farfa	jose padilla	steve bennett
6429678	josey	deep blue something	kirk tatom	toby pipes
21763009	erravi sicut ovis	valentin bakfark	daniel benko
42463896	sick again	jimmy page	robert plant
5486608	teenage rampage	various	chinn and chapman
39215606	j'attends l'amour	camille sauvage	maguy zanni
22009798	the realization	lycia	mike vanportfleet
36588676	mexican hat dance	roy etzel	gert wilden
32854546	povero amore	santarosa	albino mammoliti	franco zauli
37517690	round robin	stan kenton and his orchestra	june christy
15968629	autobahn	kraftwerk	florian schneider	ralf hutter	florian schneider	ralf hutter
36232389	down	slakah the beatchild	byram joseph
16183673	the dolphin	woody herman big band, the	luiz eca
43626985	i don't believe in love	queensryche	chris degarmo	geoff tate
17724433	girl (ian carey remix)	yves larock	tony sylla	tara mcdonald
38951608	we're gonna get married	bo diddley	ellas mcdaniel
12801318	the circus	erasure	clarke/bell
15468578	frostbite	liar	sunrise
26934242	saints or sinners?	all saints	tim footman
25870594	la novia	adriano celentano	tony dallara
35384302	have a good time (r a p mix)	various	maurizio donadel	maurizio potocnik
43268444	sin tu carino	dimension latina	cesar monje
8617845	let me show ya (henrik schwarz remix)	jazzanova	paul randolph	stefan leisering
4314285	flip, flop & fly	blues brothers, the	charles calhoun	lou willie turner
7176613	weil weil weil	various	einsturzende neubauten
12583106	more sun, please	max lasser's ark	max lasser
20277728	vrati se ljeto	novi fosili	rajko dujmic
42048936	fruhlingsfahrt	dietrich fischer-dieskau	gerald moore	robert schumann
142558	honey (chicane full length mix)	billie ray martin	billie ray martin	fred jorio
18974433	everyday is halloween	ministry	al jourgensen
31030101	so what	jermaine dupri	various
13288297	a version i can feel with love	tommy mccook	aggrovators, the
12600567	good morning	fred everything	frederic blais
36084246	in the hall of the mountain king	madness	edvard grieg
8556534	swing 39	django reinhardt	django reinhardt & stephane grappelli
23475222	alabama woman blues	john paul hammond	leroy carr
38763936	homeward bound	simon & garfunkel	paul simon	simon & garfunkel	traditional
26772685	h r	viper	felipe machado	pit passarell
21618862	melancholy baby	new moon swing band	ernie burnett
739777	smart patrol / mr dna	devo	gerald v casale
12242832	break me off	birdapres	dj brace
11624089	french orgasm (french do it better mix)	haneef raisani	pierre guidera
26634160	sunshine (send them away)	lesley duncan	jimmy horowitz	lesley duncan
36089038	the pace of sound	trelese, the	namelessnumberheadman
29426932	sie ist wieder da	wolfgang ambros	manfred tauchen	christoph falbl
31822502	tailgunner	iron maiden	bruce dickinson	steve harris
23493383	it had to be you	chet atkins	les paul
22931065	yo nacia en argel (bulerias de la nina de los peines)	carmen linares	traditional
42021619	there is a place	leo rojas	mario spindler
9003388	jesus people	atlee	atlee yeager
24808169	le valse des lilas	noelle cordier	eddie barclay	michel legrand
10670369	oxygen medley with behind blue eyes	zatox	dj activator
29608598	music	dj jeroenski	peter presta
12025492	paper boy	delicious allstars	mark cooksey
42785281	can wait	steve frisco	stephane sule
29920222	huhr zo, pandora	bap	wolfgang niedecken
44020224	black noise	fm	cameron hawkins	nash the slash
17407781	romantically helpless	holly cole	david piltch
5068956	roll your own	nick warren	nick brennan
35529631	jetzt erst recht	lafee	bob arnz	gerd zimmermann	lafee
29784835	river	kinky chimps, the	s sim
24712931	reets and i	amani a w -murray	benny harris
8279465	their glances	van jets, the	johannes verschaeve
14953761	we live for love	pat benatar	neil geraldo
27792068	that thing you do!	wonders, the	adam schlesinger
4096956	en lat som denna	ainbusk singers	josefin nilsson	marie nilsson-lind
11352549	i've been loving you so long	outsiders, the	ronald splinter	wally tax
33002659	ein feste burg ist unser gott	johann sebastian bach	oregon bach festival chamber orchestra	helmuth rilling
33731205	praludium, fuga	johann sebastian bach	franz lehrndorfer
42478969	change	banks	banks	tim anderson
16168869	yellow zone	meteors, the	p paul fenech
31256660	a poeira, o canto e voce	ze geraldo	duofel
25360174	love story	unknown artist	francis lai
12361292	leb dein leben (lay down)	vicky leandros	melanie safka	rudolf-gunter loose
16552466	sweet suzannah	guilbeau & parsons	gib guilbeau
5920248	wash and wear love	various	allean varnado	miles grayson
28491436	kill your boss, etc , etc	recension	searching for chin
12172058	alabama song	georgia brown	bertolt brecht	kurt weill
13344467	without the one you love	four tops	holland-dozier-holland
10194027	el sueno imposible (the impossible dream)	elvis presley	joe darion	mitch leigh
3425248	born for burning	various	quorthon
28564551	przed siebie lec	mechanik	bogdan olewicz	mieczysaw jurecki
42781741	three into two won't go	z z hill	jimmy lewis	rich cason
7327226	poslednje zbogom (soul and inspiration)	miki jevremovic	mann and weil
7002521	3rd movement (part 1) rondo - allegro assai	wolfgang amadeus mozart	edwin fischer	london philharmonic orchestra, the
15409811	how many tears	helloween	kai hansen	michael weikath
2129694	shake your booty baby	dj magic mike	mc madness
11387618	ring dem bells	various	duke ellington	irving mills
21054475	idolize	voigt & voigt	reinhard voigt	wolfgang voigt
11960219	swing guitars	django reinhardt	django reinhardt	stephane grappelli
3687253	i like plastic	marsha raven	marsha white	pierre tubbs
27957266	allegro vivace	bela bartok	minnesota orchestra	stanislaw skrowaczewski
22952260	books on novels remix	glitter bones	brian brissart
13239465	no turning back	rob tissera	mik cree	simon eve
37778370	zelta kazoks un adatu kazoks	vizma belsevica	edmunds goldsteins
22073361	marche slave, op 31	pyotr ilyich tchaikovsky	charles dutoit	l'orchestre symphonique de montreal
